,links,Photos
63,https://chnge.com/collections/all/products/only-respecting-women-t-shirt-dress,cdn.shopify.com/s/files/1/2380/6877/products/orwtshirtdress_900x.jpg?v=1605214007
64,https://chnge.com/collections/all/products/power-to-the-people-t-shirt-dress,cdn.shopify.com/s/files/1/2380/6877/products/apttpdress_900x.jpg?v=1605214384
65,https://chnge.com/collections/all/products/save-the-planet-t-shirt-dress,cdn.shopify.com/s/files/1/2380/6877/products/savetheplanert_900x.jpg?v=1605214173
93,https://chnge.com/collections/all/products/peace-butterfly-t-shirt-dress-black,cdn.shopify.com/s/files/1/2380/6877/products/blackpeacetshirtdress_900x.jpg?v=1605214462
94,https://chnge.com/collections/all/products/peace-butterfly-t-shirt-dress-mauve,cdn.shopify.com/s/files/1/2380/6877/products/mauvetshirtdress_900x.jpg?v=1605214446
95,https://chnge.com/collections/all/products/peace-butterfly-t-shirt-dress-violet,cdn.shopify.com/s/files/1/2380/6877/products/violetpeacetshirtdress_900x.jpg?v=1605214430
96,https://chnge.com/collections/all/products/feelings-of-butterflies-t-shirt-dress,cdn.shopify.com/s/files/1/2380/6877/products/butterflyfeels_900x.jpg?v=1605213639
97,https://chnge.com/collections/all/products/chnge-smiley-flower-t-shirt-dress,cdn.shopify.com/s/files/1/2380/6877/products/chgnesmileyflower_900x.jpg?v=1605213553
98,https://chnge.com/collections/all/products/chnge-dolphin-t-shirt-dress,cdn.shopify.com/s/files/1/2380/6877/products/chngedolphin_900x.jpg?v=1605213376
117,https://chnge.com/collections/all/products/21-butterflies-t-shirt-dress-black,cdn.shopify.com/s/files/1/2380/6877/products/black_734ad310-4f26-4236-afe0-5ffbb83b1d72_900x.jpg?v=1600704965
118,https://chnge.com/collections/all/products/21-butterflies-t-shirt-dress,cdn.shopify.com/s/files/1/2380/6877/products/CopyofCopyof107700011_900x.jpg?v=1604088843
119,https://chnge.com/collections/all/products/butterflower-t-shirt-dress,cdn.shopify.com/s/files/1/2380/6877/products/DSC00238_900x.jpg?v=1578083027
138,https://chnge.com/collections/all/products/you-are-loved-t-shirt-dress-black,cdn.shopify.com/s/files/1/2380/6877/products/youareloveddress_900x.jpg?v=1586818138
139,https://chnge.com/collections/all/products/one-race-t-shirt-dress-chalk,cdn.shopify.com/s/files/1/2380/6877/products/oneracehuman_900x.jpg?v=1586818751
140,https://chnge.com/collections/all/products/always-be-kind-t-shirt-dress-mauve,cdn.shopify.com/s/files/1/2380/6877/products/CopyofCopyof213400009_900x.jpg?v=1599858342
168,https://chnge.com/collections/all/products/wdoys-t-shirt-dress-black,cdn.shopify.com/s/files/1/2380/6877/products/black_8a402052-457f-448b-8c1d-57d51e17e9e1_900x.jpg?v=1603474070
169,https://chnge.com/collections/all/products/women-are-not-your-property-t-shirt-dress,cdn.shopify.com/s/files/1/2380/6877/products/DSC06324_900x.jpg?v=1585334508
170,https://chnge.com/collections/all/products/im-with-her-t-shirt-dress,cdn.shopify.com/s/files/1/2380/6877/products/000275710004_900x.jpg?v=1584384993
171,https://chnge.com/collections/all/products/feminism-tie-dye-t-shirt-dress,cdn.shopify.com/s/files/1/2380/6877/products/DSC06474_900x.jpg?v=1584650467
172,https://chnge.com/collections/all/products/butterflower-t-shirt-dress-1,cdn.shopify.com/s/files/1/2380/6877/products/rahq_900x.jpg?v=1606840271
173,https://chnge.com/collections/all/products/pieced-butterfly-tie-dye-t-shirt-dress,cdn.shopify.com/s/files/1/2380/6877/products/chloe_900x.jpg?v=1606840374
221,https://chnge.com/collections/all/products/copy-of-im-with-her-t-shirt-dress,cdn.shopify.com/s/files/1/2380/6877/products/DSC058795_900x.jpg?v=1599758930
222,https://chnge.com/collections/all/products/no-human-is-illegal-t-shirt-dress-black,cdn.shopify.com/s/files/1/2380/6877/products/nohumanisillegal_900x.jpg?v=1586818385
223,https://chnge.com/collections/all/products/zero-tolerance-t-shirt-dress-black,cdn.shopify.com/s/files/1/2380/6877/products/zerotoleranceback_900x.jpg?v=1599687130
224,https://chnge.com/collections/all/products/power-of-love-t-shirt-dress-chalk,cdn.shopify.com/s/files/1/2380/6877/products/nqTzi_900x.jpg?v=1599927791
237,https://eclipseglove.com/collections/all/products/everywear-dress,cdn.shopify.com/s/files/1/2584/0094/products/dressEclipse_Nov20_JBPweb_300x300.jpg?v=1605940612
245,https://www.honest-basics.com/products/loose-t-shirt-dress,cdn.shopify.com/s/files/1/0025/4099/4627/products/Looset-shirtdressblackwomenhonestbasics5_250x.jpg?v=1592052136
280,https://www.honest-basics.com/collections/all/products/loose-t-shirt-dress,cdn.shopify.com/s/files/1/0025/4099/4627/products/Looset-shirtdressblackwomenhonestbasics5_250x.jpg?v=1592052136
304,https://www.honest-basics.com/collections/all/products/spaghetti-straps-dress,cdn.shopify.com/s/files/1/0025/4099/4627/products/spaghettistrapsdressblackwomenhonestbasics1_250x.jpg?v=1592501528
